<?xml version="1.0" encoding="UTF-8"?>
<config xmlns="http://www.knime.org/2008/09/XMLConfig" xmlns:xsi="http://www.w3.org/2001/XMLSchema-instance" xsi:schemaLocation="http://www.knime.org/2008/09/XMLConfig http://www.knime.org/XMLConfig_2008_09.xsd" key="filestore">
    <config key="filestore_keys">
        <config key="filestore_key_0">
            <entry key="storeUUID" type="xstring" value="1e575b2e-10eb-4ea2-a8ad-e68b5586106a"/>
            <entry key="index" type="xint" value="0"/>
            <entry key="name" type="xstring" value="1a12fc01-e313-47ba-8f47-a5831b4bc86b"/>
            <entry key="iterationIndex" type="xint" value="-1"/>
        </config>
    </config>
</config>
