<?xml version="1.0" encoding="UTF-8"?>
<config xmlns="http://www.knime.org/2008/09/XMLConfig" xmlns:xsi="http://www.w3.org/2001/XMLSchema-instance" xsi:schemaLocation="http://www.knime.org/2008/09/XMLConfig http://www.knime.org/XMLConfig_2008_09.xsd" key="filestore">
    <config key="filestore_keys">
        <config key="filestore_key_0">
            <entry key="storeUUID" type="xstring" value="2ad4c815-3b8c-4eaf-bd19-de556e33ceee"/>
            <entry key="index" type="xint" value="0"/>
            <entry key="name" type="xstring" value="a3d4abb1-75d1-4a34-90a9-3c02907474a4"/>
            <entry key="iterationIndex" type="xint" value="-1"/>
        </config>
    </config>
</config>
